<?xml version="1.0" encoding="UTF-8"?>
<project-private xmlns="http://www.netbeans.org/ns/project-private/1">
    <editor-bookmarks xmlns="http://www.netbeans.org/ns/editor-bookmarks/2" lastBookmarkId="0"/>
    <open-files xmlns="http://www.netbeans.org/ns/projectui-open-files/2">
        <group>
            <file>file:/C:/Users/jorda/OneDrive%20-%20City,%20University%20of%20London/IN1007%20-%20Programming%20in%20Java/Projects/Game/IN1007_Game/Game/src/game/Level2.java</file>
            <file>file:/C:/Users/jorda/OneDrive%20-%20City,%20University%20of%20London/IN1007%20-%20Programming%20in%20Java/Projects/Game/IN1007_Game/Game/src/game/Game.java</file>
            <file>file:/C:/Users/jorda/OneDrive%20-%20City,%20University%20of%20London/IN1007%20-%20Programming%20in%20Java/Projects/Game/IN1007_Game/Game/src/game/GameLevel.java</file>
            <file>file:/C:/Users/jorda/OneDrive%20-%20City,%20University%20of%20London/IN1007%20-%20Programming%20in%20Java/Projects/Game/IN1007_Game/Game/src/game/MyView.java</file>
            <file>file:/C:/Users/jorda/OneDrive%20-%20City,%20University%20of%20London/IN1007%20-%20Programming%20in%20Java/Projects/Game/IN1007_Game/Game/src/game/Level3.java</file>
            <file>file:/C:/Users/jorda/OneDrive%20-%20City,%20University%20of%20London/IN1007%20-%20Programming%20in%20Java/Projects/Game/IN1007_Game/Game/src/game/Level1.java</file>
            <file>file:/C:/Users/jorda/OneDrive%20-%20City,%20University%20of%20London/IN1007%20-%20Programming%20in%20Java/Projects/Game/IN1007_Game/Game/src/game/Bird.java</file>
            <file>file:/C:/Users/jorda/OneDrive%20-%20City,%20University%20of%20London/IN1007%20-%20Programming%20in%20Java/Projects/Game/IN1007_Game/Game/src/game/ControlPanel.java</file>
            <file>file:/C:/Users/jorda/OneDrive%20-%20City,%20University%20of%20London/IN1007%20-%20Programming%20in%20Java/Projects/Game/IN1007_Game/Game/src/game/DoorListener.java</file>
        </group>
    </open-files>
</project-private>
